bioname,url
"ROGERS, Mike Dennis",https://www.congress.gov/member/mike-rogers/R000572
"SEWELL, Terri",https://www.congress.gov/member/terri-sewell/S001185
"PALMER, Gary James",https://www.congress.gov/member/gary-palmer/P000609
"MOORE, Barry",https://www.congress.gov/member/barry-moore/M001212
"STRONG, Dale",https://www.congress.gov/member/dale-strong/S001220
"FIGURES, Shomari",https://www.congress.gov/member/shomari-figures/F000481
"ADERHOLT, Robert",https://www.congress.gov/member/robert-aderholt/A000055
"BEGICH, Nicholas J., III",https://www.congress.gov/member/nicholas-begich/B001323
"GRIJALVA, Raúl M.",https://www.congress.gov/member/raul-grijalva/G000551
"GOSAR, Paul",https://www.congress.gov/member/paul-gosar/G000565
"SCHWEIKERT, David",https://www.congress.gov/member/david-schweikert/S001183
"BIGGS, Andrew S.",https://www.congress.gov/member/andy-biggs/B001302
"STANTON, Greg",https://www.congress.gov/member/greg-stanton/S001211
"CISCOMANI, Juan",https://www.congress.gov/member/juan-ciscomani/C001133
"CRANE, Eli",https://www.congress.gov/member/elijah-crane/C001132
"ANSARI, Yassamin",https://www.congress.gov/member/yassamin-ansari/A000381
"HAMADEH, Abraham J.",https://www.congress.gov/member/abraham-hamadeh/H001098
"CRAWFORD, Rick",https://www.congress.gov/member/eric-crawford/C001087
"WOMACK, Steve",https://www.congress.gov/member/steve-womack/W000809
"HILL, French",https://www.congress.gov/member/j-hill/H001072
"WESTERMAN, Bruce Eugene",https://www.congress.gov/member/bruce-westerman/W000821
"PELOSI, Nancy",https://www.congress.gov/member/nancy-pelosi/P000197
"ISSA, Darrell",https://www.congress.gov/member/darrell-issa/I000056
"SÁNCHEZ, Linda T.",https://www.congress.gov/member/linda-sanchez/S001156
"COSTA, Jim",https://www.congress.gov/member/jim-costa/C001059
"MATSUI, Doris",https://www.congress.gov/member/doris-matsui/M001163
"McCLINTOCK, Tom",https://www.congress.gov/member/tom-mcclintock/M001177
"CHU, Judy",https://www.congress.gov/member/judy-chu/C001080
"GARAMENDI, John",https://www.congress.gov/member/john-garamendi/G000559
"LaMALFA, Doug",https://www.congress.gov/member/doug-lamalfa/L000578
"HUFFMAN, Jared",https://www.congress.gov/member/jared-huffman/H001068
"BERA, Ami",https://www.congress.gov/member/ami-bera/B001287
"SWALWELL, Eric",https://www.congress.gov/member/eric-swalwell/S001193
"VALADAO, David G.",https://www.congress.gov/member/david-valadao/V000129
"BROWNLEY, Julia",https://www.congress.gov/member/julia-brownley/B001285
"RUIZ, Raul",https://www.congress.gov/member/raul-ruiz/R000599
"TAKANO, Mark",https://www.congress.gov/member/mark-takano/T000472
"VARGAS, Juan",https://www.congress.gov/member/juan-vargas/V000130
"PETERS, Scott",https://www.congress.gov/member/scott-peters/P000608
"DESAULNIER, Mark James",https://www.congress.gov/member/mark-desaulnier/D000623
"AGUILAR, Peter Rey",https://www.congress.gov/member/pete-aguilar/A000371
"LIEU, Ted",https://www.congress.gov/member/ted-lieu/L000582
"TORRES, Norma Judith",https://www.congress.gov/member/norma-torres/T000474
"BARRAGÁN, Nanette Diaz",https://www.congress.gov/member/nanette-barragan/B001300
"CARBAJAL, Salud",https://www.congress.gov/member/salud-carbajal/C001112
"CORREA, Jose Luis",https://www.congress.gov/member/j-correa/C001110
"KHANNA, Rohit",https://www.congress.gov/member/ro-khanna/K000389
"PANETTA, James Varni",https://www.congress.gov/member/jimmy-panetta/P000613
"GOMEZ, Jimmy",https://www.congress.gov/member/jimmy-gomez/G000585
"CISNEROS, Gil",https://www.congress.gov/member/gilbert-cisneros/C001123
"HARDER, Josh",https://www.congress.gov/member/josh-harder/H001090
"LEVIN, Mike",https://www.congress.gov/member/mike-levin/L000593
"JACOBS, Sara",https://www.congress.gov/member/sara-jacobs/J000305
"KIM, Young",https://www.congress.gov/member/young-kim/K000397
"OBERNOLTE, Jay",https://www.congress.gov/member/jay-obernolte/O000019
"GARCIA, Robert",https://www.congress.gov/member/robert-garcia/G000598
"KAMLAGER-DOVE, Sydney",https://www.congress.gov/member/sydney-kamlager-dove/K000400
"KILEY, Kevin",https://www.congress.gov/member/kevin-kiley/K000401
"MULLIN, Kevin",https://www.congress.gov/member/kevin-mullin/M001225
"FONG, Vince",https://www.congress.gov/member/vince-fong/F000480
"FRIEDMAN, Laura",https://www.congress.gov/member/laura-friedman/F000483
"GRAY, Adam",https://www.congress.gov/member/adam-gray/G000605
"LICCARDO, Sam T.",https://www.congress.gov/member/sam-liccardo/L000607
"MIN, Dave",https://www.congress.gov/member/dave-min/M001241
"RIVAS, Luz M.",https://www.congress.gov/member/luz-rivas/R000620
"SIMON, Lateefah",https://www.congress.gov/member/lateefah-simon/S001231
"TRAN, Derek",https://www.congress.gov/member/derek-tran/T000491
"WHITESIDES, George",https://www.congress.gov/member/george-whitesides/W000830
"WATERS, Maxine",https://www.congress.gov/member/maxine-waters/W000187
"CALVERT, Ken",https://www.congress.gov/member/ken-calvert/C000059
"LOFGREN, Zoe",https://www.congress.gov/member/zoe-lofgren/L000397
"SHERMAN, Brad",https://www.congress.gov/member/brad-sherman/S000344
"THOMPSON, Michael",https://www.congress.gov/member/mike-thompson/T000460
"CROW, Jason",https://www.congress.gov/member/jason-crow/C001121
"NEGUSE, Joseph",https://www.congress.gov/member/joe-neguse/N000191
"BOEBERT, Lauren",https://www.congress.gov/member/lauren-boebert/B000825
"PETTERSEN, Brittany",https://www.congress.gov/member/brittany-pettersen/P000620
"CRANK, Jeff",https://www.congress.gov/member/jeff-crank/C001137
"EVANS, Gabe",https://www.congress.gov/member/gabe-evans/E000300
"HURD, Jeff",https://www.congress.gov/member/jeff-hurd/H001100
"DeGETTE, Diana",https://www.congress.gov/member/diana-degette/D000197
"COURTNEY, Joe",https://www.congress.gov/member/joe-courtney/C001069
"HIMES, James A.",https://www.congress.gov/member/james-himes/H001047
"HAYES, Jahana",https://www.congress.gov/member/jahana-hayes/H001081
"DeLAURO, Rosa L.",https://www.congress.gov/member/rosa-delauro/D000216
"LARSON, John B.",https://www.congress.gov/member/john-larson/L000557
"MCBRIDE, Sarah",https://www.congress.gov/member/sarah-mcbride/M001238
"DIAZ-BALART, Mario",https://www.congress.gov/member/mario-diaz-balart/D000600
"WASSERMAN SCHULTZ, Debbie",https://www.congress.gov/member/debbie-wasserman-schultz/W000797
"CASTOR, Kathy",https://www.congress.gov/member/kathy-castor/C001066
"BUCHANAN, Vernon G.",https://www.congress.gov/member/vern-buchanan/B001260
"BILIRAKIS, Gus",https://www.congress.gov/member/gus-bilirakis/B001257
"WEBSTER, Daniel A.",https://www.congress.gov/member/daniel-webster/W000806
"WILSON, Frederica",https://www.congress.gov/member/frederica-wilson/W000808
"FRANKEL, Lois",https://www.congress.gov/member/lois-frankel/F000462
"DUNN, Neal Patrick",https://www.congress.gov/member/neal-dunn/D000628
"MAST, Brian Jeffery",https://www.congress.gov/member/brian-mast/M001199
"RUTHERFORD, John Henry",https://www.congress.gov/member/john-rutherford/R000609
"SOTO, Darren Michael",https://www.congress.gov/member/darren-soto/S001200
"STEUBE, William",https://www.congress.gov/member/w-steube/S001214
"WALTZ, Michael",https://www.congress.gov/member/michael-waltz/W000823
"CAMMACK, Kat",https://www.congress.gov/member/kat-cammack/C001039
"DONALDS, Byron",https://www.congress.gov/member/byron-donalds/D000032
"FRANKLIN, C. Scott",https://www.congress.gov/member/scott-franklin/F000472
"GIMENEZ, Carlos A.",https://www.congress.gov/member/carlos-gimenez/G000593
"SALAZAR, Maria Elvira",https://www.congress.gov/member/maria-salazar/S000168
"CHERFILUS-MCCORMICK, Sheila",https://www.congress.gov/member/sheila-cherfilus-mccormick/C001127
"BEAN, Aaron",https://www.congress.gov/member/aaron-bean/B001314
"FROST, Maxwell",https://www.congress.gov/member/maxwell-frost/F000476
"LEE, Laurel",https://www.congress.gov/member/laurel-lee/L000597
"LUNA, Anna",https://www.congress.gov/member/anna-paulina-luna/L000596
"MILLS, Cory",https://www.congress.gov/member/cory-mills/M001216
"MOSKOWITZ, Jared",https://www.congress.gov/member/jared-moskowitz/M001217
"HARIDOPOLOS, Mike",https://www.congress.gov/member/mike-haridopolos/H001099
"SCOTT, David",https://www.congress.gov/member/david-scott/S001157
"SCOTT, Austin",https://www.congress.gov/member/austin-scott/S001189
"CARTER, Buddy",https://www.congress.gov/member/earl-carter/C001103
"LOUDERMILK, Barry D.",https://www.congress.gov/member/barry-loudermilk/L000583
"ALLEN, Rick W.",https://www.congress.gov/member/rick-allen/A000372
"McBATH, Lucy",https://www.congress.gov/member/lucy-mcbath/M001208
"CLYDE, Andrew S.",https://www.congress.gov/member/andrew-clyde/C001116
"GREENE, Marjorie Taylor",https://www.congress.gov/member/marjorie-greene/G000596
"WILLIAMS, Nikema",https://www.congress.gov/member/nikema-williams/W000788
"COLLINS, Mike",https://www.congress.gov/member/mike-collins/C001129
"MCCORMICK, Rich",https://www.congress.gov/member/richard-mccormick/M001218
"JACK, Brian",https://www.congress.gov/member/brian-jack/J000311
"BISHOP, Sanford Dixon, Jr.",https://www.congress.gov/member/sanford-bishop/B000490
"CASE, Ed",https://www.congress.gov/member/ed-case/C001055
"TOKUDA, Jill",https://www.congress.gov/member/jill-tokuda/T000487
"FULCHER, Russell",https://www.congress.gov/member/russ-fulcher/F000469
"SIMPSON, Michael K.",https://www.congress.gov/member/michael-simpson/S001148
"FOSTER, Bill",https://www.congress.gov/member/bill-foster/F000454
"QUIGLEY, Mike",https://www.congress.gov/member/mike-quigley/Q000023
"SCHNEIDER, Brad",https://www.congress.gov/member/bradley-schneider/S001190
"KELLY, Robin L.",https://www.congress.gov/member/robin-kelly/K000385
"BOST, Mike",https://www.congress.gov/member/mike-bost/B001295
"LaHOOD, Darin",https://www.congress.gov/member/darin-lahood/L000585
"KRISHNAMOORTHI, S. Raja",https://www.congress.gov/member/raja-krishnamoorthi/K000391
"CASTEN, Sean",https://www.congress.gov/member/sean-casten/C001117
"GARCÍA, Jesús",https://www.congress.gov/member/jesus-garcia/G000586
"UNDERWOOD, Lauren",https://www.congress.gov/member/lauren-underwood/U000040
"MILLER, Mary E.",https://www.congress.gov/member/mary-miller/M001211
"BUDZINSKI, Nikki",https://www.congress.gov/member/nikki-budzinski/B001315
"JACKSON, Jonathan",https://www.congress.gov/member/jonathan-jackson/J000309
"RAMIREZ, Delia",https://www.congress.gov/member/delia-ramirez/R000617
"SORENSEN, Eric",https://www.congress.gov/member/eric-sorensen/S001225
"DAVIS, Danny K.",https://www.congress.gov/member/danny-davis/D000096
"SCHAKOWSKY, Janice D.",https://www.congress.gov/member/janice-schakowsky/S001145
"CARSON, André",https://www.congress.gov/member/andre-carson/C001072
"STUTZMAN, Marlin",https://www.congress.gov/member/marlin-stutzman/S001188
"BAIRD, James",https://www.congress.gov/member/james-baird/B001307
"MRVAN, Frank J.",https://www.congress.gov/member/frank-mrvan/M001214
"SPARTZ, Victoria",https://www.congress.gov/member/victoria-spartz/S000929
"YAKYM, Rudy, III",https://www.congress.gov/member/rudy-yakym/Y000067
"HOUCHIN, Erin",https://www.congress.gov/member/erin-houchin/H001093
"MESSMER, Mark B.",https://www.congress.gov/member/mark-messmer/M001233
"SHREVE, Jefferson",https://www.congress.gov/member/jefferson-shreve/S001229
"FEENSTRA, Randy",https://www.congress.gov/member/randy-feenstra/F000446
"HINSON, Ashley",https://www.congress.gov/member/ashley-hinson/H001091
"MILLER-MEEKS, Mariannette",https://www.congress.gov/member/mariannette-miller-meeks/M001215
"NUNN, Zach",https://www.congress.gov/member/zachary-nunn/N000193
"ESTES, Ron",https://www.congress.gov/member/ron-estes/E000298
"DAVIDS, Sharice",https://www.congress.gov/member/sharice-davids/D000629
"MANN, Tracey",https://www.congress.gov/member/tracey-mann/M000871
"SCHMIDT, Derek",https://www.congress.gov/member/derek-schmidt/S001228
"ROGERS, Harold Dallas (Hal)",https://www.congress.gov/member/harold-rogers/R000395
"GUTHRIE, Brett",https://www.congress.gov/member/brett-guthrie/G000558
"BARR, Garland H. (Andy) IV",https://www.congress.gov/member/andy-barr/B001282
"COMER, James",https://www.congress.gov/member/james-comer/C001108
"MCGARVEY, Morgan",https://www.congress.gov/member/morgan-mcgarvey/M001220
"MASSIE, Thomas",https://www.congress.gov/member/thomas-massie/M001184
"SCALISE, Steve",https://www.congress.gov/member/steve-scalise/S001176
"HIGGINS, Clay",https://www.congress.gov/member/clay-higgins/H001077
"JOHNSON, Mike",https://www.congress.gov/member/mike-johnson/J000299
"LETLOW, Julia",https://www.congress.gov/member/julia-letlow/L000595
"CARTER, Troy",https://www.congress.gov/member/troy-carter/C001125
"FIELDS, Cleo",https://www.congress.gov/member/cleo-fields/F000110
"PINGREE, Chellie",https://www.congress.gov/member/chellie-pingree/P000597
"GOLDEN, Jared",https://www.congress.gov/member/jared-golden/G000592
"HOYER, Steny Hamilton",https://www.congress.gov/member/steny-hoyer/H000874
"MFUME, Kweisi",https://www.congress.gov/member/kweisi-mfume/M000687
"HARRIS, Andy",https://www.congress.gov/member/andy-harris/H001052
"RASKIN, Jamie Ben",https://www.congress.gov/member/jamie-raskin/R000606
"IVEY, Glenn",https://www.congress.gov/member/glenn-ivey/I000058
"ELFRETH, Sarah",https://www.congress.gov/member/sarah-elfreth/E000301
"MCCLAIN DELANEY, April",https://www.congress.gov/member/april-mcclain-delaney/M001232
"OLSZEWSKI, Johnny, Jr.",https://www.congress.gov/member/johnny-olszewski/O000176
"NEAL, Richard Edmund",https://www.congress.gov/member/richard-neal/N000015
"LYNCH, Stephen F.",https://www.congress.gov/member/stephen-lynch/L000562
"KEATING, William R.",https://www.congress.gov/member/william-keating/K000375
"CLARK, Katherine M.",https://www.congress.gov/member/katherine-clark/C001101
"MOULTON, Seth",https://www.congress.gov/member/seth-moulton/M001196
"PRESSLEY, Ayanna",https://www.congress.gov/member/ayanna-pressley/P000617
"TRAHAN, Lori",https://www.congress.gov/member/lori-trahan/T000482
"AUCHINCLOSS, Jake",https://www.congress.gov/member/jake-auchincloss/A000148
"McGOVERN, James P.",https://www.congress.gov/member/james-mcgovern/M000312
"WALBERG, Tim",https://www.congress.gov/member/tim-walberg/W000798
"HUIZENGA, Bill",https://www.congress.gov/member/bill-huizenga/H001058
"MOOLENAAR, John",https://www.congress.gov/member/john-moolenaar/M001194
"DINGELL, Debbie",https://www.congress.gov/member/debbie-dingell/D000624
"BERGMAN, John",https://www.congress.gov/member/jack-bergman/B001301
"STEVENS, Haley",https://www.congress.gov/member/haley-stevens/S001215
"TLAIB, Rashida",https://www.congress.gov/member/rashida-tlaib/T000481
"MCCLAIN, Lisa C.",https://www.congress.gov/member/lisa-mcclain/M001136
"JAMES, John",https://www.congress.gov/member/john-james/J000307
"SCHOLTEN, Hillary",https://www.congress.gov/member/hillary-scholten/S001221
"THANEDAR, Shri",https://www.congress.gov/member/shri-thanedar/T000488
"BARRETT, Tom",https://www.congress.gov/member/tom-barrett/B001321
"MCDONALD RIVET, Kristen",https://www.congress.gov/member/kristen-mcdonald-rivet/M001237
"McCOLLUM, Betty",https://www.congress.gov/member/betty-mccollum/M001143
"EMMER, Thomas Earl II",https://www.congress.gov/member/tom-emmer/E000294
"CRAIG, Angela",https://www.congress.gov/member/angie-craig/C001119
"OMAR, Ilhan",https://www.congress.gov/member/ilhan-omar/O000173
"STAUBER, Peter",https://www.congress.gov/member/pete-stauber/S001212
"FISCHBACH, Michelle",https://www.congress.gov/member/michelle-fischbach/F000470
"FINSTAD, Brad",https://www.congress.gov/member/brad-finstad/F000475
"MORRISON, Kelly",https://www.congress.gov/member/kelly-morrison/M001234
"KELLY, Trent",https://www.congress.gov/member/trent-kelly/K000388
"GUEST, Michael",https://www.congress.gov/member/michael-guest/G000591
"EZELL, Mike",https://www.congress.gov/member/mike-ezell/E000235
"THOMPSON, Bennie",https://www.congress.gov/member/bennie-thompson/T000193
"GRAVES, Samuel",https://www.congress.gov/member/sam-graves/G000546
"CLEAVER, Emanuel, II",https://www.congress.gov/member/emanuel-cleaver/C001061
"WAGNER, Ann",https://www.congress.gov/member/ann-wagner/W000812
"SMITH, Jason",https://www.congress.gov/member/jason-smith/S001195
"ALFORD, Mark",https://www.congress.gov/member/mark-alford/A000379
"BURLISON, Eric",https://www.congress.gov/member/eric-burlison/B001316
"BELL, Wesley",https://www.congress.gov/member/wesley-bell/B001324
"ONDER, Robert F., Jr.",https://www.congress.gov/member/robert-onder/O000177
"ZINKE, Ryan",https://www.congress.gov/member/ryan-zinke/Z000018
"DOWNING, Troy",https://www.congress.gov/member/troy-downing/D000634
"SMITH, Adrian",https://www.congress.gov/member/adrian-smith/S001172
"BACON, Donald J.",https://www.congress.gov/member/don-bacon/B001298
"FLOOD, Mike",https://www.congress.gov/member/mike-flood/F000474
"TITUS, Alice (Dina)",https://www.congress.gov/member/dina-titus/T000468
"AMODEI, Mark E.",https://www.congress.gov/member/mark-amodei/A000369
"HORSFORD, Steven",https://www.congress.gov/member/steven-horsford/H001066
"LEE, Susie",https://www.congress.gov/member/susie-lee/L000590
"PAPPAS, Chris",https://www.congress.gov/member/chris-pappas/P000614
"GOODLANDER, Maggie",https://www.congress.gov/member/maggie-goodlander/G000604
"SMITH, Christopher Henry",https://www.congress.gov/member/christopher-smith/S000522
"PALLONE, Frank, Jr.",https://www.congress.gov/member/frank-pallone/P000034
"NORCROSS, Donald",https://www.congress.gov/member/donald-norcross/N000188
"WATSON COLEMAN, Bonnie",https://www.congress.gov/member/bonnie-watson-coleman/W000822
"GOTTHEIMER, Josh S.",https://www.congress.gov/member/josh-gottheimer/G000583
"SHERRILL, Mikie",https://www.congress.gov/member/mikie-sherrill/S001207
"KEAN, Thomas",https://www.congress.gov/member/thomas-kean/K000398
"MENENDEZ, Robert",https://www.congress.gov/member/robert-menendez/M001226
"MCIVER, LaMonica",https://www.congress.gov/member/lamonica-mciver/M001229
"CONAWAY, Herbert C., Jr.",https://www.congress.gov/member/herbert-conaway/C001136
"POU, Nellie",https://www.congress.gov/member/nellie-pou/P000621
"VAN DREW, Jefferson",https://www.congress.gov/member/jefferson-van-drew/V000133
"LEGER FERNANDEZ, Teresa",https://www.congress.gov/member/teresa-leger-fernandez/L000273
"STANSBURY, Melanie Ann",https://www.congress.gov/member/melanie-stansbury/S001218
"VASQUEZ, Gabriel",https://www.congress.gov/member/gabe-vasquez/V000136
"CLARKE, Yvette Diane",https://www.congress.gov/member/yvette-clarke/C001067
"TONKO, Paul",https://www.congress.gov/member/paul-tonko/T000469
"MENG, Grace",https://www.congress.gov/member/grace-meng/M001188
"JEFFRIES, Hakeem",https://www.congress.gov/member/hakeem-jeffries/J000294
"STEFANIK, Elise M",https://www.congress.gov/member/elise-stefanik/S001196
"ESPAILLAT, Adriano J.",https://www.congress.gov/member/adriano-espaillat/E000297
"SUOZZI, Thomas",https://www.congress.gov/member/thomas-suozzi/S001201
"TENNEY, Claudia",https://www.congress.gov/member/claudia-tenney/T000478
"MORELLE, Joseph D.",https://www.congress.gov/member/joseph-morelle/M001206
"OCASIO-CORTEZ, Alexandria",https://www.congress.gov/member/alexandria-ocasio-cortez/O000172
"GARBARINO, Andrew R.",https://www.congress.gov/member/andrew-garbarino/G000597
"MALLIOTAKIS, Nicole",https://www.congress.gov/member/nicole-malliotakis/M000317
"TORRES, Ritchie",https://www.congress.gov/member/ritchie-torres/T000486
"RYAN, Patrick",https://www.congress.gov/member/patrick-ryan/R000579
"GOLDMAN, Daniel",https://www.congress.gov/member/daniel-goldman/G000599
"LALOTA, Nicholas",https://www.congress.gov/member/nick-lalota/L000598
"LANGWORTHY, Nick",https://www.congress.gov/member/nicholas-langworthy/L000600
"LAWLER, Michael",https://www.congress.gov/member/michael-lawler/L000599
"KENNEDY, Timothy M.",https://www.congress.gov/member/timothy-kennedy/K000402
"GILLEN, Laura",https://www.congress.gov/member/laura-gillen/G000602
"LATIMER, George",https://www.congress.gov/member/george-latimer/L000606
"MANNION, John W.",https://www.congress.gov/member/john-mannion/M001231
"RILEY, Josh",https://www.congress.gov/member/josh-riley/R000622
"NADLER, Jerrold Lewis",https://www.congress.gov/member/jerrold-nadler/N000002
"VELÁZQUEZ, Nydia M.",https://www.congress.gov/member/nydia-velazquez/V000081
"MEEKS, Gregory W.",https://www.congress.gov/member/gregory-meeks/M001137
"FOXX, Virginia Ann",https://www.congress.gov/member/virginia-foxx/F000450
"HUDSON, Richard",https://www.congress.gov/member/richard-hudson/H001067
"ROUZER, David",https://www.congress.gov/member/david-rouzer/R000603
"ADAMS, Alma",https://www.congress.gov/member/alma-adams/A000370
"MURPHY, Gregory Francis",https://www.congress.gov/member/gregory-murphy/M001210
"ROSS, Deborah K.",https://www.congress.gov/member/deborah-ross/R000305
"DAVIS, Don",https://www.congress.gov/member/donald-davis/D000230
"EDWARDS, Chuck",https://www.congress.gov/member/chuck-edwards/E000246
"FOUSHEE, Valerie",https://www.congress.gov/member/valerie-foushee/F000477
"HARRIGAN, Pat",https://www.congress.gov/member/pat-harrigan/H001101
"HARRIS, Mark",https://www.congress.gov/member/mark-harris/H001102
"KNOTT, Brad",https://www.congress.gov/member/brad-knott/K000405
"MCDOWELL, Addison P.",https://www.congress.gov/member/addison-mcdowell/M001240
"MOORE, Tim",https://www.congress.gov/member/tim-moore/M001236
"FEDORCHAK, Julie",https://www.congress.gov/member/julie-fedorchak/F000482
"KAPTUR, Marcia Carolyn (Marcy)",https://www.congress.gov/member/marcy-kaptur/K000009
"TURNER, Michael R.",https://www.congress.gov/member/michael-turner/T000463
"JORDAN, Jim",https://www.congress.gov/member/jim-jordan/J000289
"LATTA, Robert E.",https://www.congress.gov/member/robert-latta/L000566
"BEATTY, Joyce",https://www.congress.gov/member/joyce-beatty/B001281
"JOYCE, David",https://www.congress.gov/member/david-joyce/J000295
"DAVIDSON, Warren",https://www.congress.gov/member/warren-davidson/D000626
"BALDERSON, Troy",https://www.congress.gov/member/troy-balderson/B001306
"BROWN, Shontel  M.",https://www.congress.gov/member/shontel-brown/B001313
"CAREY, Mike",https://www.congress.gov/member/mike-carey/C001126
"LANDSMAN, Greg",https://www.congress.gov/member/greg-landsman/L000601
"MILLER, Max",https://www.congress.gov/member/max-miller/M001222
"SYKES, Emilia",https://www.congress.gov/member/emilia-sykes/S001223
"RULLI, Michael A.",https://www.congress.gov/member/michael-rulli/R000619
"TAYLOR, David J.",https://www.congress.gov/member/david-taylor/T000490
"COLE, Tom",https://www.congress.gov/member/tom-cole/C001053
"HERN, Kevin",https://www.congress.gov/member/kevin-hern/H001082
"BICE, Stephanie I.",https://www.congress.gov/member/stephanie-bice/B000740
"BRECHEEN, Josh",https://www.congress.gov/member/josh-brecheen/B001317
"LUCAS, Frank D.",https://www.congress.gov/member/frank-lucas/L000491
"BONAMICI, Suzanne",https://www.congress.gov/member/suzanne-bonamici/B001278
"BENTZ, Cliff",https://www.congress.gov/member/cliff-bentz/B000668
"HOYLE, Val",https://www.congress.gov/member/val-hoyle/H001094
"SALINAS, Andrea",https://www.congress.gov/member/andrea-salinas/S001226
"BYNUM, Janelle S.",https://www.congress.gov/member/janelle-bynum/B001326
"DEXTER, Maxine",https://www.congress.gov/member/maxine-dexter/D000635
"THOMPSON, Glenn",https://www.congress.gov/member/glenn-thompson/T000467
"KELLY, Mike",https://www.congress.gov/member/mike-kelly/K000376
"PERRY, Scott",https://www.congress.gov/member/scott-perry/P000605
"BOYLE, Brendan Francis",https://www.congress.gov/member/brendan-boyle/B001296
"EVANS, Dwight",https://www.congress.gov/member/dwight-evans/E000296
"FITZPATRICK, Brian K.",https://www.congress.gov/member/brian-fitzpatrick/F000466
"SMUCKER, Lloyd K.",https://www.congress.gov/member/lloyd-smucker/S001199
"SCANLON, Mary Gay",https://www.congress.gov/member/mary-scanlon/S001205
"DEAN, Madeleine",https://www.congress.gov/member/madeleine-dean/D000631
"HOULAHAN, Christina",https://www.congress.gov/member/chrissy-houlahan/H001085
"JOYCE, John",https://www.congress.gov/member/john-joyce/J000302
"MEUSER, Dan",https://www.congress.gov/member/daniel-meuser/M001204
"RESCHENTHALER, Guy",https://www.congress.gov/member/guy-reschenthaler/R000610
"DELUZIO, Chris",https://www.congress.gov/member/christopher-deluzio/D000530
"LEE, Summer",https://www.congress.gov/member/summer-lee/L000602
"BRESNAHAN, Robert P., Jr.",https://www.congress.gov/member/robert-bresnahan/B001327
"MACKENZIE, Ryan",https://www.congress.gov/member/ryan-mackenzie/M001230
"MAGAZINER, Seth",https://www.congress.gov/member/seth-magaziner/M001223
"AMO, Gabe",https://www.congress.gov/member/gabe-amo/A000380
"WILSON, Addison Graves (Joe)",https://www.congress.gov/member/joe-wilson/W000795
"NORMAN, Ralph",https://www.congress.gov/member/ralph-norman/N000190
"TIMMONS, William",https://www.congress.gov/member/william-timmons/T000480
"MACE, Nancy",https://www.congress.gov/member/nancy-mace/M000194
"FRY, Russell",https://www.congress.gov/member/russell-fry/F000478
"BIGGS, Sheri",https://www.congress.gov/member/sheri-biggs/B001325
"CLYBURN, James Enos",https://www.congress.gov/member/james-clyburn/C000537
"JOHNSON, Dustin",https://www.congress.gov/member/dusty-johnson/J000301
"COHEN, Stephen",https://www.congress.gov/member/steve-cohen/C001068
"FLEISCHMANN, Chuck",https://www.congress.gov/member/charles-fleischmann/F000459
"DESJARLAIS, Scott",https://www.congress.gov/member/scott-desjarlais/D000616
"KUSTOFF, David",https://www.congress.gov/member/david-kustoff/K000392
"BURCHETT, Timothy",https://www.congress.gov/member/tim-burchett/B001309
"GREEN, Mark",https://www.congress.gov/member/mark-green/G000590
"ROSE, John",https://www.congress.gov/member/john-rose/R000612
"HARSHBARGER, Diana",https://www.congress.gov/member/diana-harshbarger/H001086
"OGLES, Andy",https://www.congress.gov/member/andrew-ogles/O000175
"CARTER, John R.",https://www.congress.gov/member/john-carter/C001051
"GREEN, Al",https://www.congress.gov/member/al-green/G000553
"McCAUL, Michael T.",https://www.congress.gov/member/michael-mccaul/M001157
"CUELLAR, Henry",https://www.congress.gov/member/henry-cuellar/C001063
"WEBER, Randy",https://www.congress.gov/member/randy-weber/W000814
"CASTRO, Joaquin",https://www.congress.gov/member/joaquin-castro/C001091
"WILLIAMS, Roger",https://www.congress.gov/member/roger-williams/W000816
"VEASEY, Marc",https://www.congress.gov/member/marc-veasey/V000131
"BABIN, Brian",https://www.congress.gov/member/brian-babin/B001291
"ARRINGTON, Jodey Cook",https://www.congress.gov/member/jodey-arrington/A000375
"GONZALEZ, Vicente Jr.",https://www.congress.gov/member/vicente-gonzalez/G000581
"CLOUD, Michael",https://www.congress.gov/member/michael-cloud/C001115
"CRENSHAW, Daniel",https://www.congress.gov/member/dan-crenshaw/C001120
"ESCOBAR, Veronica",https://www.congress.gov/member/veronica-escobar/E000299
"FLETCHER, Elizabeth",https://www.congress.gov/member/lizzie-fletcher/F000468
"GARCIA, Sylvia",https://www.congress.gov/member/sylvia-garcia/G000587
"GOODEN, Lance",https://www.congress.gov/member/lance-gooden/G000589
"ROY, Charles",https://www.congress.gov/member/chip-roy/R000614
"FALLON, Pat",https://www.congress.gov/member/pat-fallon/F000246
"GONZALES, Tony",https://www.congress.gov/member/tony-gonzales/G000594
"JACKSON, Ronny",https://www.congress.gov/member/ronny-jackson/J000304
"NEHLS, Troy E.",https://www.congress.gov/member/troy-nehls/N000026
"PFLUGER, August",https://www.congress.gov/member/august-pfluger/P000048
"VAN DUYNE, Beth",https://www.congress.gov/member/beth-van-duyne/V000134
"ELLZEY, Jake",https://www.congress.gov/member/jake-ellzey/E000071
"CASAR, Greg",https://www.congress.gov/member/greg-casar/C001131
"CROCKETT, Jasmine",https://www.congress.gov/member/jasmine-crockett/C001130
"DE LA CRUZ, Monica",https://www.congress.gov/member/monica-de-la-cruz/D000594
"HUNT, Wesley",https://www.congress.gov/member/wesley-hunt/H001095
"LUTTRELL, Morgan",https://www.congress.gov/member/morgan-luttrell/L000603
"MORAN, Nathaniel",https://www.congress.gov/member/nathaniel-moran/M001224
"SELF, Keith",https://www.congress.gov/member/keith-self/S001224
"GILL, Brandon",https://www.congress.gov/member/brandon-gill/G000603
"GOLDMAN, Craig A.",https://www.congress.gov/member/craig-goldman/G000601
"JOHNSON, Julie",https://www.congress.gov/member/julie-johnson/J000310
"TURNER, Sylvester",https://www.congress.gov/member/sylvester-turner/T000489
"DOGGETT, Lloyd Alton, II",https://www.congress.gov/member/lloyd-doggett/D000399
"SESSIONS, Pete",https://www.congress.gov/member/pete-sessions/S000250
"MOORE, Blake D.",https://www.congress.gov/member/blake-moore/M001213
"OWENS, Burgess",https://www.congress.gov/member/burgess-owens/O000086
"MALOY, Celeste",https://www.congress.gov/member/celeste-maloy/M001228
"KENNEDY, Mike",https://www.congress.gov/member/mike-kennedy/K000403
"BALINT, Becca",https://www.congress.gov/member/becca-balint/B001318
"WITTMAN, Robert J.",https://www.congress.gov/member/robert-wittman/W000804
"CONNOLLY, Gerald E. (Gerry)",https://www.congress.gov/member/gerald-connolly/C001078
"GRIFFITH, H. Morgan",https://www.congress.gov/member/h-griffith/G000568
"BEYER, Donald Sternoff Jr.",https://www.congress.gov/member/donald-beyer/B001292
"CLINE, Benjamin",https://www.congress.gov/member/ben-cline/C001118
"KIGGANS, Jennifer",https://www.congress.gov/member/jennifer-kiggans/K000399
"MCCLELLAN, Jennifer",https://www.congress.gov/member/jennifer-mcclellan/M001227
"MCGUIRE, John J., III",https://www.congress.gov/member/john-mcguire/M001239
"SUBRAMANYAM, Suhas",https://www.congress.gov/member/suhas-subramanyam/S001230
"VINDMAN, Eugene Simon",https://www.congress.gov/member/eugene-vindman/V000138
"SCOTT, Robert C.",https://www.congress.gov/member/robert-scott/S000185
"LARSEN, Richard Ray (Rick)",https://www.congress.gov/member/rick-larsen/L000560
"NEWHOUSE, Daniel Milton",https://www.congress.gov/member/dan-newhouse/N000189
"JAYAPAL, Pramila",https://www.congress.gov/member/pramila-jayapal/J000298
"SCHRIER, Kim",https://www.congress.gov/member/kim-schrier/S001216
"STRICKLAND, Marilyn",https://www.congress.gov/member/marilyn-strickland/S001159
"PEREZ, Marie Gluesenkamp",https://www.congress.gov/member/marie-perez/G000600
"BAUMGARTNER, Michael",https://www.congress.gov/member/michael-baumgartner/B001322
"RANDALL, Emily",https://www.congress.gov/member/emily-randall/R000621
"SMITH, Adam",https://www.congress.gov/member/adam-smith/S000510
"DelBENE, Suzan K.",https://www.congress.gov/member/suzan-delbene/D000617
"MILLER, Carol",https://www.congress.gov/member/carol-miller/M001205
"MOORE, Riley M.",https://www.congress.gov/member/riley-moore/M001235
"MOORE, Gwendolynne S. (Gwen)",https://www.congress.gov/member/gwen-moore/M001160
"POCAN, Mark",https://www.congress.gov/member/mark-pocan/P000607
"GROTHMAN, Glenn",https://www.congress.gov/member/glenn-grothman/G000576
"STEIL, Bryan",https://www.congress.gov/member/bryan-steil/S001213
"TIFFANY, Thomas P.",https://www.congress.gov/member/thomas-tiffany/T000165
"FITZGERALD, Scott",https://www.congress.gov/member/scott-fitzgerald/F000471
"VAN ORDEN, Derrick",https://www.congress.gov/member/derrick-van-orden/V000135
"WIED, Tony",https://www.congress.gov/member/tony-wied/W000829
"HAGEMAN, Harriet",https://www.congress.gov/member/harriet-hageman/H001096
"TUBERVILLE, Thomas Hawley (Tommy)",https://www.congress.gov/member/tommy-tuberville/T000278
"BRITT, Katie Elizabeth",https://www.congress.gov/member/katie-britt/B001319
"MURKOWSKI, Lisa",https://www.congress.gov/member/lisa-murkowski/M001153
"SULLIVAN, Daniel Scott",https://www.congress.gov/member/dan-sullivan/S001198
"GALLEGO, Ruben",https://www.congress.gov/member/ruben-gallego/G000574
"KELLY, Mark Edward",https://www.congress.gov/member/mark-kelly/K000377
"BOOZMAN, John",https://www.congress.gov/member/john-boozman/B001236
"COTTON, Tom",https://www.congress.gov/member/tom-cotton/C001095
"SCHIFF, Adam",https://www.congress.gov/member/adam-schiff/S001150
"PADILLA, Alejandro (Alex)",https://www.congress.gov/member/alex-padilla/P000145
"BENNET, Michael F.",https://www.congress.gov/member/michael-bennet/B001267
"HICKENLOOPER, John Wright",https://www.congress.gov/member/john-hickenlooper/H000273
"MURPHY, Christopher",https://www.congress.gov/member/christopher-murphy/M001169
"BLUMENTHAL, Richard",https://www.congress.gov/member/richard-blumenthal/B001277
"BLUNT ROCHESTER, Lisa",https://www.congress.gov/member/lisa-blunt-rochester/B001303
"COONS, Christopher A.",https://www.congress.gov/member/christopher-coons/C001088
"RUBIO, Marco",https://www.congress.gov/member/marco-rubio/R000595
"SCOTT, Richard Lynn (Rick)",https://www.congress.gov/member/rick-scott/S001217
"MOODY, Ashley Brooke",https://www.congress.gov/member/ashley-moody/M001244
"OSSOFF, Thomas Jonathan (Jon)",https://www.congress.gov/member/jon-ossoff/O000174
"WARNOCK, Raphael Gamaliel",https://www.congress.gov/member/raphael-warnock/W000790
"HIRONO, Mazie",https://www.congress.gov/member/mazie-hirono/H001042
"SCHATZ, Brian Emanuel",https://www.congress.gov/member/brian-schatz/S001194
"CRAPO, Michael Dean",https://www.congress.gov/member/mike-crapo/C000880
"RISCH, James",https://www.congress.gov/member/james-risch/R000584
"DURBIN, Richard Joseph",https://www.congress.gov/member/richard-durbin/D000563
"DUCKWORTH, Tammy",https://www.congress.gov/member/tammy-duckworth/D000622
"YOUNG, Todd",https://www.congress.gov/member/todd-young/Y000064
"BANKS, James E.",https://www.congress.gov/member/jim-banks/B001299
"GRASSLEY, Charles Ernest",https://www.congress.gov/member/chuck-grassley/G000386
"ERNST, Joni",https://www.congress.gov/member/joni-ernst/E000295
"MARSHALL, Roger Wayne",https://www.congress.gov/member/roger-marshall/M001198
"MORAN, Jerry",https://www.congress.gov/member/jerry-moran/M000934
"McCONNELL, Addison Mitchell (Mitch)",https://www.congress.gov/member/mitch-mcconnell/M000355
"PAUL, Rand",https://www.congress.gov/member/rand-paul/P000603
"CASSIDY, Bill",https://www.congress.gov/member/bill-cassidy/C001075
"KENNEDY, John Neely",https://www.congress.gov/member/john-kennedy/K000393
"KING, Angus Stanley, Jr.",https://www.congress.gov/member/angus-king/K000383
"COLLINS, Susan Margaret",https://www.congress.gov/member/susan-collins/C001035
"VAN HOLLEN, Christopher",https://www.congress.gov/member/chris-van-hollen/V000128
"ALSOBROOKS, Angela Deneece",https://www.congress.gov/member/angela-alsobrooks/A000382
"MARKEY, Edward John",https://www.congress.gov/member/edward-markey/M000133
"WARREN, Elizabeth",https://www.congress.gov/member/elizabeth-warren/W000817
"PETERS, Gary C.",https://www.congress.gov/member/gary-peters/P000595
"SLOTKIN, Elissa",https://www.congress.gov/member/elissa-slotkin/S001208
"KLOBUCHAR, Amy",https://www.congress.gov/member/amy-klobuchar/K000367
"SMITH, Tina",https://www.congress.gov/member/tina-smith/S001203
"WICKER, Roger F.",https://www.congress.gov/member/roger-wicker/W000437
"HYDE-SMITH, Cindy",https://www.congress.gov/member/cindy-hyde-smith/H001079
"HAWLEY, Joshua David",https://www.congress.gov/member/josh-hawley/H001089
"SCHMITT, Eric Stephen",https://www.congress.gov/member/eric-schmitt/S001227
"DAINES, Steve",https://www.congress.gov/member/steve-daines/D000618
"SHEEHY, Timothy Patrick",https://www.congress.gov/member/tim-sheehy/S001232
"FISCHER, Debra (Deb)",https://www.congress.gov/member/deb-fischer/F000463
"RICKETTS, John Peter (Pete)",https://www.congress.gov/member/pete-ricketts/R000618
"ROSEN, Jacklyn Sheryl",https://www.congress.gov/member/jacky-rosen/R000608
"CORTEZ MASTO, Catherine Marie",https://www.congress.gov/member/catherine-cortez-masto/C001113
"SHAHEEN, Jeanne",https://www.congress.gov/member/jeanne-shaheen/S001181
"HASSAN, Margaret (Maggie)",https://www.congress.gov/member/maggie-hassan/H001076
"KIM, Andy",https://www.congress.gov/member/andy-kim/K000394
"BOOKER, Cory Anthony",https://www.congress.gov/member/cory-booker/B001288
"HEINRICH, Martin",https://www.congress.gov/member/martin-heinrich/H001046
"LUJÁN, Ben Ray",https://www.congress.gov/member/ben-lujan/L000570
"SCHUMER, Charles Ellis (Chuck)",https://www.congress.gov/member/charles-schumer/S000148
"GILLIBRAND, Kirsten",https://www.congress.gov/member/kirsten-gillibrand/G000555
"BUDD, Theodore Paul",https://www.congress.gov/member/ted-budd/B001305
"TILLIS, Thomas Roland (Thom)",https://www.congress.gov/member/thomas-tillis/T000476
"CRAMER, Kevin",https://www.congress.gov/member/kevin-cramer/C001096
"HOEVEN, John",https://www.congress.gov/member/john-hoeven/H001061
"VANCE, James David",https://www.congress.gov/member/j-vance/V000137
"MORENO, Bernardo (Bernie)",https://www.congress.gov/member/bernie-moreno/M001242
"HUSTED, Jon Allen",https://www.congress.gov/member/jon-husted/H001104
"LANKFORD, James",https://www.congress.gov/member/james-lankford/L000575
"MULLIN, Markwayne",https://www.congress.gov/member/markwayne-mullin/M001190
"WYDEN, Ronald Lee",https://www.congress.gov/member/ron-wyden/W000779
"MERKLEY, Jeff",https://www.congress.gov/member/jeff-merkley/M001176
"FETTERMAN, John Karl",https://www.congress.gov/member/john-fetterman/F000479
"MCCORMICK, David Harold",https://www.congress.gov/member/david-mccormick/M001243
"REED, John F. (Jack)",https://www.congress.gov/member/john-reed/R000122
"WHITEHOUSE, Sheldon",https://www.congress.gov/member/sheldon-whitehouse/W000802
"SCOTT, Tim",https://www.congress.gov/member/tim-scott/S001184
"GRAHAM, Lindsey O.",https://www.congress.gov/member/lindsey-graham/G000359
"THUNE, John",https://www.congress.gov/member/john-thune/T000250
"ROUNDS, Marion Michael (Mike)",https://www.congress.gov/member/mike-rounds/R000605
"BLACKBURN, Marsha",https://www.congress.gov/member/marsha-blackburn/B001243
"HAGERTY, William Francis (Bill)",https://www.congress.gov/member/bill-hagerty/H000601
"CORNYN, John",https://www.congress.gov/member/john-cornyn/C001056
"CRUZ, Rafael Edward (Ted)",https://www.congress.gov/member/ted-cruz/C001098
"CURTIS, John R.",https://www.congress.gov/member/john-curtis/C001114
"LEE, Mike",https://www.congress.gov/member/mike-lee/L000577
"WELCH, Peter",https://www.congress.gov/member/peter-welch/W000800
"SANDERS, Bernard",https://www.congress.gov/member/bernie-sanders/S000033
"WARNER, Mark",https://www.congress.gov/member/mark-warner/W000805
"KAINE, Timothy Michael (Tim)",https://www.congress.gov/member/timothy-kaine/K000384
"CANTWELL, Maria E.",https://www.congress.gov/member/maria-cantwell/C000127
"MURRAY, Patty",https://www.congress.gov/member/patty-murray/M001111
"CAPITO, Shelley Moore",https://www.congress.gov/member/shelley-capito/C001047
"JUSTICE, James Conley, II",https://www.congress.gov/member/james-justice/J000312
"BALDWIN, Tammy",https://www.congress.gov/member/tammy-baldwin/B001230
"JOHNSON, Ron",https://www.congress.gov/member/ron-johnson/J000293
"LUMMIS, Cynthia M.",https://www.congress.gov/member/cynthia-lummis/L000571
"BARRASSO, John A.",https://www.congress.gov/member/john-barrasso/B001261
